,year,author,doi,phases,note,secondary,reject,rho_predicted,rho_predicted_units,std. uncert. %,T [K],P [kPa],NVC [PaÂ·s],VDN [kg/m^3],pressures,temperatures,densities,viscosities
0,1966,Huang,10.1002/aic.690120518,L,smoothed,,,0.54,g/cm3,2.5,273.1502832645506,6894.7570000000005,0.000138,,6894.7570000000005,273.1502832645506,,0.000138
1,1966,Huang,10.1002/aic.690120518,L,smoothed,,,0.551,g/cm3,2.5,273.1502832645506,13789.514,0.000149,,13789.514,273.1502832645506,,0.000149
2,1966,Huang,10.1002/aic.690120518,L,smoothed,,,0.561,g/cm3,2.5,273.1502832645506,20684.271,0.00016,,20684.271,273.1502832645506,,0.00016
3,1966,Huang,10.1002/aic.690120518,L,smoothed,,,0.569,g/cm3,2.5,273.1502832645506,27579.028,0.000171,,27579.028,273.1502832645506,,0.000171
4,1966,Huang,10.1002/aic.690120518,L,smoothed,,,0.576,g/cm3,2.5,273.1502832645506,34473.785,0.000181,,34473.785,273.1502832645506,,0.000181
5,1966,Huang,10.1002/aic.690120518,L,smoothed,,,0.564,g/cm3,2.5,253.16603366562768,6894.7570000000005,0.000167,,6894.7570000000005,253.16603366562768,,0.000167
6,1966,Huang,10.1002/aic.690120518,L,smoothed,,,0.573,g/cm3,2.5,253.16603366562768,13789.514,0.00018,,13789.514,253.16603366562768,,0.00018
7,1966,Huang,10.1002/aic.690120518,L,smoothed,,,0.582,g/cm3,2.5,253.16603366562768,20684.271,0.000191,,20684.271,253.16603366562768,,0.000191
8,1966,Huang,10.1002/aic.690120518,L,smoothed,,,0.589,g/cm3,2.5,253.16603366562768,27579.028,0.000203,,27579.028,253.16603366562768,,0.000203
9,1966,Huang,10.1002/aic.690120518,L,smoothed,,,0.595,g/cm3,2.5,253.16603366562768,34473.785,0.000215,,34473.785,253.16603366562768,,0.000215
10,1966,Huang,10.1002/aic.690120518,L,smoothed,,,0.587,g/cm3,2.5,233.18263353527712,6894.7570000000005,0.000207,,6894.7570000000005,233.18263353527712,,0.000207
11,1966,Huang,10.1002/aic.690120518,L,smoothed,,,0.594,g/cm3,2.5,233.18263353527712,13789.514,0.000221,,13789.514,233.18263353527712,,0.000221
12,1966,Huang,10.1002/aic.690120518,L,smoothed,,,0.602,g/cm3,2.5,233.18263353527712,20684.271,0.000234,,20684.271,233.18263353527712,,0.000234
13,1966,Huang,10.1002/aic.690120518,L,smoothed,,,0.608,g/cm3,2.5,233.18263353527712,27579.028,0.000247,,27579.028,233.18263353527712,,0.000247
14,1966,Huang,10.1002/aic.690120518,L,smoothed,,,0.613,g/cm3,2.5,233.18263353527712,34473.785,0.00026,,34473.785,233.18263353527712,,0.00026
15,1966,Huang,10.1002/aic.690120518,L,smoothed,,,0.608,g/cm3,2.5,213.19263622954256,6894.7570000000005,0.00026,,6894.7570000000005,213.19263622954256,,0.00026
16,1966,Huang,10.1002/aic.690120518,L,smoothed,,,0.616,g/cm3,2.5,213.19263622954256,13789.514,0.000275,,13789.514,213.19263622954256,,0.000275
17,1966,Huang,10.1002/aic.690120518,L,smoothed,,,0.622,g/cm3,2.5,213.19263622954256,20684.271,0.000291,,20684.271,213.19263622954256,,0.000291
18,1966,Huang,10.1002/aic.690120518,L,smoothed,,,0.627,g/cm3,2.5,213.19263622954256,27579.028,0.000306,,27579.028,213.19263622954256,,0.000306
19,1966,Huang,10.1002/aic.690120518,L,smoothed,,,0.632,g/cm3,2.5,213.19263622954256,34473.785,0.000322,,34473.785,213.19263622954256,,0.000322
20,1966,Huang,10.1002/aic.690120518,L,smoothed,,,0.63,g/cm3,2.5,193.1948476562595,6894.7570000000005,0.000332,,6894.7570000000005,193.1948476562595,,0.000332
21,1966,Huang,10.1002/aic.690120518,L,smoothed,,,0.636,g/cm3,2.5,193.1948476562595,13789.514,0.00035,,13789.514,193.1948476562595,,0.00035
22,1966,Huang,10.1002/aic.690120518,L,smoothed,,,0.641,g/cm3,2.5,193.1948476562595,20684.271,0.000368,,20684.271,193.1948476562595,,0.000368
23,1966,Huang,10.1002/aic.690120518,L,smoothed,,,0.645,g/cm3,2.5,193.1948476562595,27579.028,0.000388,,27579.028,193.1948476562595,,0.000388
24,1966,Huang,10.1002/aic.690120518,L,smoothed,,,0.651,g/cm3,2.5,193.1948476562595,34473.785,0.000406,,34473.785,193.1948476562595,,0.000406
25,1966,Huang,10.1002/aic.690120518,L,smoothed,,,0.651,g/cm3,2.5,173.18606012153276,6894.7570000000005,0.000452,,6894.7570000000005,173.18606012153276,,0.000452
26,1966,Huang,10.1002/aic.690120518,L,smoothed,,,0.655,g/cm3,2.5,173.18606012153276,13789.514,0.000476,,13789.514,173.18606012153276,,0.000476
27,1966,Huang,10.1002/aic.690120518,L,smoothed,,,0.66,g/cm3,2.5,173.18606012153276,20684.271,0.000502,,20684.271,173.18606012153276,,0.000502
28,1966,Huang,10.1002/aic.690120518,L,smoothed,,,0.663,g/cm3,2.5,173.18606012153276,27579.028,0.000527,,27579.028,173.18606012153276,,0.000527
29,1966,Huang,10.1002/aic.690120518,L,smoothed,,,0.669,g/cm3,2.5,173.18606012153276,34473.785,0.000554,,34473.785,173.18606012153276,,0.000554
30,1974,Strumpf,10.1063/1.1681497,L,,,,,,2.5,310.9181447252921,3171.58822,8.806000000000001e-05,,3171.58822,310.9181447252921,,8.806000000000001e-05
31,1974,Strumpf,10.1063/1.1681497,L,,,,,,2.5,310.9181447252921,4067.90663,9.12e-05,,4067.90663,310.9181447252921,,9.12e-05
32,1974,Strumpf,10.1063/1.1681497,L,,,,,,2.5,310.9181447252921,4357.486424,9.16e-05,,4357.486424,310.9181447252921,,9.16e-05
33,1974,Strumpf,10.1063/1.1681497,L,,,,,,2.5,310.9181447252921,5646.805983,9.491e-05,,5646.805983,310.9181447252921,,9.491e-05
34,1974,Strumpf,10.1063/1.1681497,L,,,,,,2.5,310.9181447252921,7205.021065,9.718e-05,,7205.021065,310.9181447252921,,9.718e-05
39,1964,Carmichael,10.1021/je60022a038,L,,,,,,2.5,277.59162805283546,1539.5992381,0.000122982,,1539.5992381,277.59162805283546,,0.000122982
40,1964,Carmichael,10.1021/je60022a038,L,,,,,,2.5,277.59162805283546,1563.7308876000002,0.000123384,,1563.7308876000002,277.59162805283546,,0.000123384
41,1964,Carmichael,10.1021/je60022a038,L,,,,,,2.5,277.59162805283546,7675.9329681,0.000133745,,7675.9329681,277.59162805283546,,0.000133745
42,1964,Carmichael,10.1021/je60022a038,L,,,,,,2.5,277.59162805283546,7705.5804232,0.000133572,,7705.5804232,277.59162805283546,,0.000133572
43,1964,Carmichael,10.1021/je60022a038,L,,,,,,2.5,277.59162805283546,21053.8299752,0.000154778,,21053.8299752,277.59162805283546,,0.000154778
44,1964,Carmichael,10.1021/je60022a038,L,,,,,,2.5,277.59162805283546,21136.5670592,0.000154696,,21136.5670592,277.59162805283546,,0.000154696
45,1964,Carmichael,10.1021/je60022a038,L,,,,,,2.5,277.59162805283546,31114.6593896,0.000169707,,31114.6593896,277.59162805283546,,0.000169707
46,1964,Carmichael,10.1021/je60022a038,L,,,,,,2.5,277.59162805283546,31209.807036200003,0.000169606,,31209.807036200003,277.59162805283546,,0.000169606
51,1964,Carmichael,10.1021/je60022a038,L,,,,,,2.5,377.56944979504897,7005.073112,4.3986e-05,,7005.073112,377.56944979504897,,4.3986e-05
52,1964,Carmichael,10.1021/je60022a038,L,,,,,,2.5,377.56944979504897,7010.5889176,4.3809e-05,,7010.5889176,377.56944979504897,,4.3809e-05
53,1964,Carmichael,10.1021/je60022a038,L,,,,,,2.5,377.56944979504897,13861.2194728,6.1134e-05,,13861.2194728,377.56944979504897,,6.1134e-05
54,1964,Carmichael,10.1021/je60022a038,L,,,,,,2.5,377.56944979504897,13871.5616083,6.1108e-05,,13871.5616083,377.56944979504897,,6.1108e-05
55,1964,Carmichael,10.1021/je60022a038,L,,,,,,2.5,377.56944979504897,27592.1280383,8.109700000000001e-05,,27592.1280383,377.56944979504897,,8.109700000000001e-05
56,1964,Carmichael,10.1021/je60022a038,L,,,,,,2.5,377.56944979504897,27651.4229485,8.116900000000001e-05,,27651.4229485,377.56944979504897,,8.116900000000001e-05
63,1964,Carmichael,10.1021/je60022a038,L,,,,,,2.5,410.9096703331914,137.2056643,1.1094e-05,,137.2056643,410.9096703331914,,1.1094e-05
64,1964,Carmichael,10.1021/je60022a038,L,,,,,,2.5,410.9096703331914,137.2056643,1.1113e-05,,137.2056643,410.9096703331914,,1.1113e-05
65,1964,Carmichael,10.1021/je60022a038,L,,,,,,2.5,410.9096703331914,137.2056643,1.1127e-05,,137.2056643,410.9096703331914,,1.1127e-05
72,1964,Carmichael,10.1021/je60022a038,L,,,,,,2.5,477.5988534952273,7027.1363344,1.6662000000000004e-05,,7027.1363344,477.5988534952273,,1.6662000000000004e-05
73,1964,Carmichael,10.1021/je60022a038,L,,,,,,2.5,477.5988534952273,7031.2731886,1.6648e-05,,7031.2731886,477.5988534952273,,1.6648e-05
74,1964,Carmichael,10.1021/je60022a038,L,,,,,,2.5,477.5988534952273,13994.2882829,2.7789e-05,,13994.2882829,477.5988534952273,,2.7789e-05
75,1964,Carmichael,10.1021/je60022a038,L,,,,,,2.5,477.5988534952273,13996.35671,2.7755e-05,,13996.35671,477.5988534952273,,2.7755e-05
76,1964,Carmichael,10.1021/je60022a038,L,,,,,,2.5,477.5988534952273,21326.8623524,3.9261e-05,,21326.8623524,477.5988534952273,,3.9261e-05
77,1964,Carmichael,10.1021/je60022a038,L,,,,,,2.5,477.5988534952273,21382.7098841,3.939e-05,,21382.7098841,477.5988534952273,,3.939e-05
78,1964,Carmichael,10.1021/je60022a038,L,,,,,,2.5,477.5988534952273,21424.0784261,3.942400000000001e-05,,21424.0784261,477.5988534952273,,3.942400000000001e-05
79,1964,Carmichael,10.1021/je60022a038,L,,,,,,2.5,477.5988534952273,27627.9807747,4.634200000000001e-05,,27627.9807747,477.5988534952273,,4.634200000000001e-05
80,1964,Carmichael,10.1021/je60022a038,L,,,,,,2.5,477.5988534952273,27405.9695993,4.712200000000001e-05,,27405.9695993,477.5988534952273,,4.712200000000001e-05
81,1964,Carmichael,10.1021/je60022a038,L,,,,,,2.5,477.5988534952273,27475.606645,4.7185e-05,,27475.606645,477.5988534952273,,4.7185e-05
82,1964,Carmichael,10.1021/je60022a038,L,,,,,,2.5,477.5988534952273,34265.563338600004,5.485e-05,,34265.563338600004,477.5988534952273,,5.485e-05
83,1964,Carmichael,10.1021/je60022a038,L,,,,,,2.5,477.5988534952273,34343.4740927,5.5276e-05,,34343.4740927,477.5988534952273,,5.5276e-05
84,1964,Carmichael,10.1021/je60022a038,L,,,,,,2.5,477.5988534952273,34671.6645259,5.4869000000000006e-05,,34671.6645259,477.5988534952273,,5.4869000000000006e-05
912,1966,Giddings,10.1063/1.1727611,L,,,,,,2.5,277.5871866026756,689.01,0.0001208,,689.01,277.5871866026756,,0.0001208
913,1966,Giddings,10.1063/1.1727611,L,,,,,,2.5,277.5871866026756,1379.03325,0.0001224,,1379.03325,277.5871866026756,,0.0001224
914,1966,Giddings,10.1063/1.1727611,L,,,,,,2.5,277.5871866026756,2068.04325,0.0001238,,2068.04325,277.5871866026756,,0.0001238
915,1966,Giddings,10.1063/1.1727611,L,,,,,,2.5,277.5871866026756,2758.0665,0.0001252,,2758.0665,277.5871866026756,,0.0001252
916,1966,Giddings,10.1063/1.1727611,L,,,,,,2.5,277.5871866026756,3447.0765000000006,0.0001265,,3447.0765000000006,277.5871866026756,,0.0001265
917,1966,Giddings,10.1063/1.1727611,L,,,,,,2.5,277.5871866026756,4137.09975,0.0001277,,4137.09975,277.5871866026756,,0.0001277
918,1966,Giddings,10.1063/1.1727611,L,,,,,,2.5,277.5871866026756,5516.133,0.0001303,,5516.133,277.5871866026756,,0.0001303
919,1966,Giddings,10.1063/1.1727611,L,,,,,,2.5,277.5871866026756,6895.16625,0.0001326,,6895.16625,277.5871866026756,,0.0001326
920,1966,Giddings,10.1063/1.1727611,L,,,,,,2.5,277.5871866026756,8618.7045,0.0001356,,8618.7045,277.5871866026756,,0.0001356
921,1966,Giddings,10.1063/1.1727611,L,,,,,,2.5,277.5871866026756,10342.24275,0.0001385999999999,,10342.24275,277.5871866026756,,0.0001385999999999
922,1966,Giddings,10.1063/1.1727611,L,,,,,,2.5,277.5871866026756,12065.781,0.0001415,,12065.781,277.5871866026756,,0.0001415
923,1966,Giddings,10.1063/1.1727611,L,,,,,,2.5,277.5871866026756,13789.31925,0.0001443,,13789.31925,277.5871866026756,,0.0001443
924,1966,Giddings,10.1063/1.1727611,L,,,,,,2.5,277.5871866026756,17337.72075,0.00015,,17337.72075,277.5871866026756,,0.00015
925,1966,Giddings,10.1063/1.1727611,L,,,,,,2.5,277.5871866026756,20684.4855,0.0001554,,20684.4855,277.5871866026756,,0.0001554
926,1966,Giddings,10.1063/1.1727611,L,,,,,,2.5,277.5871866026756,27578.6385,0.000166,,27578.6385,277.5871866026756,,0.000166
927,1966,Giddings,10.1063/1.1727611,L,,,,,,2.5,277.5871866026756,34473.80475,0.0001763,,34473.80475,277.5871866026756,,0.0001763
928,1966,Giddings,10.1063/1.1727611,L,,,,,,2.5,277.5871866026756,41367.95775,0.0001863,,41367.95775,277.5871866026756,,0.0001863
931,1966,Giddings,10.1063/1.1727611,L,,,,,,2.5,310.910405559406,1379.03325,8.460000000000001e-05,,1379.03325,310.910405559406,,8.460000000000001e-05
932,1966,Giddings,10.1063/1.1727611,L,,,,,,2.5,310.910405559406,2068.04325,8.630000000000001e-05,,2068.04325,310.910405559406,,8.630000000000001e-05
933,1966,Giddings,10.1063/1.1727611,L,,,,,,2.5,310.910405559406,2758.0665,8.8e-05,,2758.0665,310.910405559406,,8.8e-05
934,1966,Giddings,10.1063/1.1727611,L,,,,,,2.5,310.910405559406,3447.0765000000006,8.930000000000002e-05,,3447.0765000000006,310.910405559406,,8.930000000000002e-05
935,1966,Giddings,10.1063/1.1727611,L,,,,,,2.5,310.910405559406,4137.09975,9.08e-05,,4137.09975,310.910405559406,,9.08e-05
936,1966,Giddings,10.1063/1.1727611,L,,,,,,2.5,310.910405559406,5516.133,9.36e-05,,5516.133,310.910405559406,,9.36e-05
937,1966,Giddings,10.1063/1.1727611,L,,,,,,2.5,310.910405559406,6895.16625,9.61e-05,,6895.16625,310.910405559406,,9.61e-05
938,1966,Giddings,10.1063/1.1727611,L,,,,,,2.5,310.910405559406,8618.7045,9.94e-05,,8618.7045,310.910405559406,,9.94e-05
939,1966,Giddings,10.1063/1.1727611,L,,,,,,2.5,310.910405559406,10342.24275,0.0001023,,10342.24275,310.910405559406,,0.0001023
940,1966,Giddings,10.1063/1.1727611,L,,,,,,2.5,310.910405559406,12065.781,0.0001052,,12065.781,310.910405559406,,0.0001052
941,1966,Giddings,10.1063/1.1727611,L,,,,,,2.5,310.910405559406,13789.31925,0.0001078,,13789.31925,310.910405559406,,0.0001078
942,1966,Giddings,10.1063/1.1727611,L,,,,,,2.5,310.910405559406,17337.72075,0.0001131,,17337.72075,310.910405559406,,0.0001131
943,1966,Giddings,10.1063/1.1727611,L,,,,,,2.5,310.910405559406,20684.4855,0.0001179,,20684.4855,310.910405559406,,0.0001179
944,1966,Giddings,10.1063/1.1727611,L,,,,,,2.5,310.910405559406,27578.6385,0.0001276,,27578.6385,310.910405559406,,0.0001276
945,1966,Giddings,10.1063/1.1727611,L,,,,,,2.5,310.910405559406,34473.80475,0.0001368,,34473.80475,310.910405559406,,0.0001368
946,1966,Giddings,10.1063/1.1727611,L,,,,,,2.5,310.910405559406,41367.95775,0.0001452,,41367.95775,310.910405559406,,0.0001452
947,1966,Giddings,10.1063/1.1727611,L,,,,,,2.5,310.910405559406,48263.124,0.0001535,,48263.124,310.910405559406,,0.0001535
948,1966,Giddings,10.1063/1.1727611,L,,,,,,2.5,310.910405559406,55158.290250000005,0.0001608,,55158.290250000005,310.910405559406,,0.0001608
953,1966,Giddings,10.1063/1.1727611,L,,,,,,2.5,344.23375038582907,2758.0665,5.690000000000001e-05,,2758.0665,344.23375038582907,,5.690000000000001e-05
954,1966,Giddings,10.1063/1.1727611,L,,,,,,2.5,344.23375038582907,3447.0765000000006,5.97e-05,,3447.0765000000006,344.23375038582907,,5.97e-05
955,1966,Giddings,10.1063/1.1727611,L,,,originally 921 uP but probably a typo,,,2.5,344.23375038582907,4137.09975,6.21e-05,,4137.09975,344.23375038582907,,6.21e-05
956,1966,Giddings,10.1063/1.1727611,L,,,,,,2.5,344.23375038582907,5516.133,6.62e-05,,5516.133,344.23375038582907,,6.62e-05
957,1966,Giddings,10.1063/1.1727611,L,,,,,,2.5,344.23375038582907,6895.16625,6.910000000000001e-05,,6895.16625,344.23375038582907,,6.910000000000001e-05
958,1966,Giddings,10.1063/1.1727611,L,,,,,,2.5,344.23375038582907,8618.7045,7.27e-05,,8618.7045,344.23375038582907,,7.27e-05
959,1966,Giddings,10.1063/1.1727611,L,,,,,,2.5,344.23375038582907,10342.24275,7.63e-05,,10342.24275,344.23375038582907,,7.63e-05
960,1966,Giddings,10.1063/1.1727611,L,,,,,,2.5,344.23375038582907,12065.781,7.9e-05,,12065.781,344.23375038582907,,7.9e-05
961,1966,Giddings,10.1063/1.1727611,L,,,,,,2.5,344.23375038582907,13789.31925,8.190000000000001e-05,,13789.31925,344.23375038582907,,8.190000000000001e-05
962,1966,Giddings,10.1063/1.1727611,L,,,,,,2.5,344.23375038582907,17337.72075,8.72e-05,,17337.72075,344.23375038582907,,8.72e-05
963,1966,Giddings,10.1063/1.1727611,L,,,,,,2.5,344.23375038582907,20684.4855,9.22e-05,,20684.4855,344.23375038582907,,9.22e-05
964,1966,Giddings,10.1063/1.1727611,L,,,,,,2.5,344.23375038582907,27578.6385,0.0001018,,27578.6385,344.23375038582907,,0.0001018
965,1966,Giddings,10.1063/1.1727611,L,,,,,,2.5,344.23375038582907,34473.80475,0.0001102,,34473.80475,344.23375038582907,,0.0001102
966,1966,Giddings,10.1063/1.1727611,L,,,,,,2.5,344.23375038582907,41367.95775,0.0001185,,41367.95775,344.23375038582907,,0.0001185
967,1966,Giddings,10.1063/1.1727611,L,,,,,,2.5,344.23375038582907,48263.124,0.0001257,,48263.124,344.23375038582907,,0.0001257
968,1966,Giddings,10.1063/1.1727611,L,,,,,,2.5,344.23375038582907,55158.290250000005,0.0001332,,55158.290250000005,344.23375038582907,,0.0001332
974,1966,Giddings,10.1063/1.1727611,L,,,,,,2.5,377.5650047586866,3447.0765000000006,1.24e-05,,3447.0765000000006,377.5650047586866,,1.24e-05
975,1966,Giddings,10.1063/1.1727611,L,,,,,,2.5,377.5650047586866,4137.09975,1.39e-05,,4137.09975,377.5650047586866,,1.39e-05
976,1966,Giddings,10.1063/1.1727611,L,,,,,,2.5,377.5650047586866,5516.133,3.5600000000000005e-05,,5516.133,377.5650047586866,,3.5600000000000005e-05
977,1966,Giddings,10.1063/1.1727611,L,,,,,,2.5,377.5650047586866,6895.16625,4.36e-05,,6895.16625,377.5650047586866,,4.36e-05
978,1966,Giddings,10.1063/1.1727611,L,,,,,,2.5,377.5650047586866,8618.7045,4.98e-05,,8618.7045,377.5650047586866,,4.98e-05
979,1966,Giddings,10.1063/1.1727611,L,,,,,,2.5,377.5650047586866,10342.24275,5.440000000000001e-05,,10342.24275,377.5650047586866,,5.440000000000001e-05
980,1966,Giddings,10.1063/1.1727611,L,,,,,,2.5,377.5650047586866,12065.781,5.81e-05,,12065.781,377.5650047586866,,5.81e-05
981,1966,Giddings,10.1063/1.1727611,L,,,,,,2.5,377.5650047586866,13789.31925,6.14e-05,,13789.31925,377.5650047586866,,6.14e-05
982,1966,Giddings,10.1063/1.1727611,L,,,,,,2.5,377.5650047586866,17337.72075,6.75e-05,,17337.72075,377.5650047586866,,6.75e-05
983,1966,Giddings,10.1063/1.1727611,L,,,,,,2.5,377.5650047586866,20684.4855,7.25e-05,,20684.4855,377.5650047586866,,7.25e-05
984,1966,Giddings,10.1063/1.1727611,L,,,,,,2.5,377.5650047586866,27578.6385,8.180000000000001e-05,,27578.6385,377.5650047586866,,8.180000000000001e-05
985,1966,Giddings,10.1063/1.1727611,L,,,,,,2.5,377.5650047586866,34473.80475,9e-05,,34473.80475,377.5650047586866,,9e-05
986,1966,Giddings,10.1063/1.1727611,L,,,,,,2.5,377.5650047586866,41367.95775,9.78e-05,,41367.95775,377.5650047586866,,9.78e-05
987,1966,Giddings,10.1063/1.1727611,L,,,,,,2.5,377.5650047586866,48263.124,0.0001048,,48263.124,377.5650047586866,,0.0001048
988,1966,Giddings,10.1063/1.1727611,L,,,,,,2.5,377.5650047586866,55158.290250000005,0.0001116,,55158.290250000005,377.5650047586866,,0.0001116
989,1982,Diller,10.1021/je00029a003,L,,,,12.4158,mol/L,2.5,299.993263352557,31481.9,0.0001424799999999,,31481.9,299.993263352557,,0.0001424799999999
990,1982,Diller,10.1021/je00029a003,L,,,,12.3128,mol/L,2.5,299.993263352557,27961.8,0.00013952,,27961.8,299.993263352557,,0.00013952
991,1982,Diller,10.1021/je00029a003,L,,,,12.2059,mol/L,2.5,299.993263352557,24552.2,0.0001354,,24552.2,299.993263352557,,0.0001354
992,1982,Diller,10.1021/je00029a003,L,,,,12.1037,mol/L,2.5,299.993263352557,21511.5,0.0001294,,21511.5,299.993263352557,,0.0001294
993,1982,Diller,10.1021/je00029a003,L,,,,11.9734,mol/L,2.5,299.993263352557,17933.9,0.00012432,,17933.9,299.993263352557,,0.00012432
994,1982,Diller,10.1021/je00029a003,L,,,,11.8357,mol/L,2.5,299.993263352557,14486.7,0.00011854,,14486.7,299.993263352557,,0.00011854
995,1982,Diller,10.1021/je00029a003,L,,,,11.6484,mol/L,2.5,299.993263352557,10314.3,0.00011195,,10314.3,299.993263352557,,0.00011195
996,1982,Diller,10.1021/je00029a003,L,,,,11.5353,mol/L,2.5,299.993263352557,8061.2,0.0001080099999999,,8061.2,299.993263352557,,0.0001080099999999
997,1982,Diller,10.1021/je00029a003,L,,,,11.3647,mol/L,2.5,299.993263352557,5010.5,0.00010294,,5010.5,299.993263352557,,0.00010294
998,1982,Diller,10.1021/je00029a003,L,,,,11.2058,mol/L,2.5,299.993263352557,2521.3,9.869e-05,,2521.3,299.993263352557,,9.869e-05
999,1982,Diller,10.1021/je00029a003,L,,,,15.6941,mol/L,2.5,140.01322867416366,31488.7,0.00108294,,31488.7,140.01322867416366,,0.00108294
1000,1982,Diller,10.1021/je00029a003,L,,,,15.6617,mol/L,2.5,140.01322867416366,27930.7,0.00105413,,27930.7,140.01322867416366,,0.00105413
1001,1982,Diller,10.1021/je00029a003,L,,,,15.6306,mol/L,2.5,140.01322867416366,24596.800000000003,0.00099902,,24596.800000000003,140.01322867416366,,0.00099902
1002,1982,Diller,10.1021/je00029a003,L,,,,15.5989,mol/L,2.5,140.01322867416366,21284.0,0.0009968,,21284.0,140.01322867416366,,0.0009968
1003,1982,Diller,10.1021/je00029a003,L,,,,15.5628,mol/L,2.5,140.01322867416366,17601.8,0.00097871,,17601.8,140.01322867416366,,0.00097871
1004,1982,Diller,10.1021/je00029a003,L,,,,15.5278,mol/L,2.5,140.01322867416366,14129.6,0.0009396,,14129.6,140.01322867416366,,0.0009396
1005,1982,Diller,10.1021/je00029a003,L,,,,15.4911,mol/L,2.5,140.01322867416366,10587.4,0.00089073,,10587.4,140.01322867416366,,0.00089073
1006,1982,Diller,10.1021/je00029a003,L,,,,15.4554,mol/L,2.5,140.01322867416366,7234.5,0.00087505,,7234.5,140.01322867416366,,0.00087505
1007,1982,Diller,10.1021/je00029a003,L,,,,15.4084,mol/L,2.5,140.01322867416366,2956.0,0.00085002,,2956.0,140.01322867416366,,0.00085002
1008,1982,Diller,10.1021/je00029a003,L,,,,16.2765,mol/L,2.5,110.01107522731844,27058.7,0.00292981,,27058.7,110.01107522731844,,0.00292981
1009,1982,Diller,10.1021/je00029a003,L,,,,16.257,mol/L,2.5,110.01107522731844,24379.3,0.00287532,,24379.3,110.01107522731844,,0.00287532
1010,1982,Diller,10.1021/je00029a003,L,,,,16.233,mol/L,2.5,110.01107522731844,21159.2,0.00278583,,21159.2,110.01107522731844,,0.00278583
1011,1982,Diller,10.1021/je00029a003,L,,,,16.2064,mol/L,2.5,110.01107522731844,17649.100000000002,0.00268998,,17649.100000000002,110.01107522731844,,0.00268998
1012,1982,Diller,10.1021/je00029a003,L,,,,16.1741,mol/L,2.5,110.01107522731844,13496.6,0.00259333,,13496.6,110.01107522731844,,0.00259333
1013,1982,Diller,10.1021/je00029a003,L,,,REJECT; likely typo in eta,16.1501,mol/L,2.5,110.01107522731844,10484.1,0.00150742,,10484.1,110.01107522731844,,0.00150742
1014,1982,Diller,10.1021/je00029a003,L,,,,16.1218,mol/L,2.5,110.01107522731844,7007.900000000001,0.00244838,,7007.900000000001,110.01107522731844,,0.00244838
1015,1982,Diller,10.1021/je00029a003,L,,,,16.0887,mol/L,2.5,110.01107522731844,3058.4,0.00235104,,3058.4,110.01107522731844,,0.00235104
1016,1982,Diller,10.1021/je00029a003,L,,,,16.4997,mol/L,2.5,100.01010101889068,29319.4,0.00508194,,29319.4,100.01010101889068,,0.00508194
1017,1982,Diller,10.1021/je00029a003,L,,,,16.4813,mol/L,2.5,100.01010101889068,26515.5,0.0050369099999999,,26515.5,100.01010101889068,,0.0050369099999999
1018,1982,Diller,10.1021/je00029a003,L,,,,16.4547,mol/L,2.5,100.01010101889068,22562.0,0.00493606,,22562.0,100.01010101889068,,0.00493606
1019,1982,Diller,10.1021/je00029a003,L,,,,16.4322,mol/L,2.5,100.01010101889068,19276.0,0.00471122,,19276.0,100.01010101889068,,0.00471122
1020,1982,Diller,10.1021/je00029a003,L,,,,16.4058,mol/L,2.5,100.01010101889068,15508.8,0.00447419,,15508.8,100.01010101889068,,0.00447419
1021,1982,Diller,10.1021/je00029a003,L,,,,16.3816,mol/L,2.5,100.01010101889068,12130.9,0.00432087,,12130.9,100.01010101889068,,0.00432087
1022,1982,Diller,10.1021/je00029a003,L,,,,16.3548,mol/L,2.5,100.01010101889068,8462.8,0.00413915,,8462.8,100.01010101889068,,0.00413915
1023,1982,Diller,10.1021/je00029a003,L,,,,16.3288,mol/L,2.5,100.01010101889068,4999.7,0.00399418,,4999.7,100.01010101889068,,0.00399418
1024,1982,Diller,10.1021/je00029a003,L,,,,16.3035,mol/L,2.5,100.01010101889068,1704.8000000000002,0.00394438,,1704.8000000000002,100.01010101889068,,0.00394438
1025,1982,Diller,10.1021/je00029a003,L,,,,16.6085,mol/L,2.5,95.0095781719921,30152.6,0.00713545,,30152.6,95.0095781719921,,0.00713545
1026,1982,Diller,10.1021/je00029a003,L,,,,16.5898,mol/L,2.5,95.0095781719921,27155.3,0.0068477,,27155.3,95.0095781719921,,0.0068477
1027,1982,Diller,10.1021/je00029a003,L,,,,16.5674,mol/L,2.5,95.0095781719921,23635.9,0.00669279,,23635.9,95.0095781719921,,0.00669279
1028,1982,Diller,10.1021/je00029a003,L,,,,16.545,mol/L,2.5,95.0095781719921,20191.4,0.00647748,,20191.4,95.0095781719921,,0.00647748
1029,1982,Diller,10.1021/je00029a003,L,,,,16.5152,mol/L,2.5,95.0095781719921,15714.8,0.00624734,,15714.8,95.0095781719921,,0.00624734
1030,1982,Diller,10.1021/je00029a003,L,,,,16.4884,mol/L,2.5,95.0095781719921,11792.8,0.00599236,,11792.8,95.0095781719921,,0.00599236
1031,1982,Diller,10.1021/je00029a003,L,,,,16.4638,mol/L,2.5,95.0095781719921,8259.1,0.00561531,,8259.1,95.0095781719921,,0.00561531
1032,1982,Diller,10.1021/je00029a003,L,,,,16.4403,mol/L,2.5,95.0095781719921,4966.2,0.00555959,,4966.2,95.0095781719921,,0.00555959
1033,1982,Diller,10.1021/je00029a003,L,,,,16.4184,mol/L,2.5,95.0095781719921,1964.0,0.00529254,,1964.0,95.0095781719921,,0.00529254
1034,1982,Diller,10.1021/je00029a003,L,,,,16.7081,mol/L,2.5,90.00903473585615,29505.2,0.0107221,,29505.2,90.00903473585615,,0.0107221
1035,1982,Diller,10.1021/je00029a003,L,,,,16.6957,mol/L,2.5,90.00903473585615,27410.0,0.01021511,,27410.0,90.00903473585615,,0.01021511
1036,1982,Diller,10.1021/je00029a003,L,,,,16.6803,mol/L,2.5,90.00903473585615,24869.2,0.01012154,,24869.2,90.00903473585615,,0.01012154
1037,1982,Diller,10.1021/je00029a003,L,,,,16.6786,mol/L,2.5,90.00903473585615,24579.0,0.00986691,,24579.0,90.00903473585615,,0.00986691
1038,1982,Diller,10.1021/je00029a003,L,,,,16.6588,mol/L,2.5,90.00903473585615,21369.2,0.0095220399999999,,21369.2,90.00903473585615,,0.0095220399999999
1039,1982,Diller,10.1021/je00029a003,L,,,,16.6508,mol/L,2.5,90.00903473585615,20088.3,0.00939775,,20088.3,90.00903473585615,,0.00939775
1040,1982,Diller,10.1021/je00029a003,L,,,,16.6361,mol/L,2.5,90.00903473585615,17738.9,0.00927411,,17738.9,90.00903473585615,,0.00927411
1041,1982,Diller,10.1021/je00029a003,L,,,,16.8272,mol/L,2.5,90.00903473585615,16342.500000000002,0.00913115,,16342.500000000002,90.00903473585615,,0.00913115
1042,1982,Diller,10.1021/je00029a003,L,,,,16.617,mol/L,2.5,90.00903473585615,14757.8,0.00887278,,14757.8,90.00903473585615,,0.00887278
1043,1982,Diller,10.1021/je00029a003,L,,,,16.6129,mol/L,2.5,90.00903473585615,14128.0,0.00876492,,14128.0,90.00903473585615,,0.00876492
1044,1982,Diller,10.1021/je00029a003,L,,,,16.5917,mol/L,2.5,90.00903473585615,10887.0,0.00829277,,10887.0,90.00903473585615,,0.00829277
1045,1982,Diller,10.1021/je00029a003,L,,,,16.578,mol/L,2.5,90.00903473585615,8825.0,0.00826363,,8825.0,90.00903473585615,,0.00826363
1046,1982,Diller,10.1021/je00029a003,L,,,,16.5677,mol/L,2.5,90.00903473585615,7296.0,0.00797918,,7296.0,90.00903473585615,,0.00797918
1047,1982,Diller,10.1021/je00029a003,L,,,,16.5583,mol/L,2.5,90.00903473585615,4172.75,0.00774102,,4172.75,90.00903473585615,,0.00774102
1048,1982,Diller,10.1021/je00029a003,L,,,,16.5342,mol/L,2.5,90.00903473585615,2408.3,0.00757973,,2408.3,90.00903473585615,,0.00757973
1073,1960,Swift,10.1002/aic.690060314,L,,,,,,2.5,243.1749506834832,344.73785000000004,0.000173,,344.73785000000004,243.1749506834832,,0.000173
1074,1960,Swift,10.1002/aic.690060314,L,,,,,,2.5,253.16603366562768,344.73785000000004,0.000157,,344.73785000000004,253.16603366562768,,0.000157
1075,1960,Swift,10.1002/aic.690060314,L,,,,,,2.5,253.16603366562768,4136.8542,0.000159,,4136.8542,253.16603366562768,,0.000159
1076,1960,Swift,10.1002/aic.690060314,L,,,,,,2.5,273.1502832645506,689.4757000000001,0.000124,,689.4757000000001,273.1502832645506,,0.000124
1077,1960,Swift,10.1002/aic.690060314,L,,,,,,2.5,293.13797041765287,1034.21355,0.000105,,1034.21355,293.13797041765287,,0.000105
1078,1960,Swift,10.1002/aic.690060314,L,,,,,,2.5,293.13797041765287,4136.8542,0.00011,,4136.8542,293.13797041765287,,0.00011
1079,1960,Swift,10.1002/aic.690060314,L,,,,,,2.5,313.1296703995098,1689.215465,8.190000000000001e-05,,1689.215465,313.1296703995098,,8.190000000000001e-05
1080,1960,Swift,10.1002/aic.690060314,L,,,,,,2.5,313.1296703995098,4136.8542,8.81e-05,,4136.8542,313.1296703995098,,8.81e-05
1081,1960,Swift,10.1002/aic.690060314,L,,,,,,2.5,333.124975508538,2275.26981,6.49e-05,,2275.26981,333.124975508538,,6.49e-05
1082,1960,Swift,10.1002/aic.690060314,L,,,,,,2.5,333.124975508538,4136.8542,6.94e-05,,4136.8542,333.124975508538,,6.94e-05
1083,1960,Swift,10.1002/aic.690060314,L,,,,,,2.5,353.1234073525486,3275.009575,4.81e-05,,3275.009575,353.1234073525486,,4.81e-05
1084,1960,Swift,10.1002/aic.690060314,L,,,,,,2.5,353.1234073525486,4136.8542,5.11e-05,,4136.8542,353.1234073525486,,5.11e-05
1085,1960,Swift,10.1002/aic.690060314,L,,,,,,2.5,363.12363897375553,3757.642565,4.04e-05,,3757.642565,363.12363897375553,,4.04e-05
1086,1960,Swift,10.1002/aic.690060314,L,,,Critical region effects or typo resulting in 30% deviations; no other corroborating data,,,2.5,369.92413929234567,4274.74934,2.2000000000000003e-05,,4274.74934,369.92413929234567,,2.2000000000000003e-05
1110,1959,Starling,NA-Starling1959,L,,,,,,2.5,298.1355333727506,1103.16112,9.569e-05,,1103.16112,298.1355333727506,,9.569e-05
1111,1959,Starling,NA-Starling1959,L,,,,,,2.5,298.1355333727506,1103.16112,9.594e-05,,1103.16112,298.1355333727506,,9.594e-05
1112,1959,Starling,NA-Starling1959,L,,,,,,2.5,298.1355333727506,1241.05626,9.645e-05,,1241.05626,298.1355333727506,,9.645e-05
1113,1959,Starling,NA-Starling1959,L,,,,,,2.5,298.1355333727506,1241.05626,9.648e-05,,1241.05626,298.1355333727506,,9.648e-05
1114,1959,Starling,NA-Starling1959,L,,,,,,2.5,298.1355333727506,1378.9514,9.651e-05,,1378.9514,298.1355333727506,,9.651e-05
1115,1959,Starling,NA-Starling1959,L,,,,,,2.5,298.1355333727506,1378.9514,9.662e-05,,1378.9514,298.1355333727506,,9.662e-05
1116,1959,Starling,NA-Starling1959,L,,,,,,2.5,298.1355333727506,2068.4271,9.803e-05,,2068.4271,298.1355333727506,,9.803e-05
1117,1959,Starling,NA-Starling1959,L,,,,,,2.5,298.1355333727506,2068.4271,9.809e-05,,2068.4271,298.1355333727506,,9.809e-05
1118,1959,Starling,NA-Starling1959,L,,,,,,2.5,298.1355333727506,2757.9028000000003,9.951e-05,,2757.9028000000003,298.1355333727506,,9.951e-05
1119,1959,Starling,NA-Starling1959,L,,,,,,2.5,298.1355333727506,2757.9028000000003,9.964e-05,,2757.9028000000003,298.1355333727506,,9.964e-05
1120,1959,Starling,NA-Starling1959,L,,,,,,2.5,298.1355333727506,2757.9028000000003,0.00010046,,2757.9028000000003,298.1355333727506,,0.00010046
1121,1959,Starling,NA-Starling1959,L,,,,,,2.5,298.1355333727506,2757.9028000000003,0.00010014,,2757.9028000000003,298.1355333727506,,0.00010014
1122,1959,Starling,NA-Starling1959,L,,,,,,2.5,298.1355333727506,3447.3785000000003,0.0001011299999999,,3447.3785000000003,298.1355333727506,,0.0001011299999999
1123,1959,Starling,NA-Starling1959,L,,,,,,2.5,298.1355333727506,3447.3785000000003,0.00010126,,3447.3785000000003,298.1355333727506,,0.00010126
1124,1959,Starling,NA-Starling1959,L,,,,,,2.5,298.1355333727506,4136.8542,0.00010163,,4136.8542,298.1355333727506,,0.00010163
1125,1959,Starling,NA-Starling1959,L,,,,,,2.5,298.1355333727506,4136.8542,0.00010163,,4136.8542,298.1355333727506,,0.00010163
1126,1959,Starling,NA-Starling1959,L,,,,,,2.5,298.1355333727506,5515.805600000001,0.00010522,,5515.805600000001,298.1355333727506,,0.00010522
1127,1959,Starling,NA-Starling1959,L,,,,,,2.5,298.1355333727506,5515.805600000001,0.0001052599999999,,5515.805600000001,298.1355333727506,,0.0001052599999999
1128,1959,Starling,NA-Starling1959,L,,,,,,2.5,298.1355333727506,5515.805600000001,0.00010465,,5515.805600000001,298.1355333727506,,0.00010465
1129,1959,Starling,NA-Starling1959,L,,,,,,2.5,298.1355333727506,5515.805600000001,0.00010465,,5515.805600000001,298.1355333727506,,0.00010465
1130,1959,Starling,NA-Starling1959,L,,,,,,2.5,298.1355333727506,6894.7570000000005,0.00010737,,6894.7570000000005,298.1355333727506,,0.00010737
1131,1959,Starling,NA-Starling1959,L,,,,,,2.5,298.1355333727506,6894.7570000000005,0.00010772,,6894.7570000000005,298.1355333727506,,0.00010772
1132,1959,Starling,NA-Starling1959,L,,,,,,2.5,298.1355333727506,8618.44625,0.00011088,,8618.44625,298.1355333727506,,0.00011088
1133,1959,Starling,NA-Starling1959,L,,,,,,2.5,298.1355333727506,8618.44625,0.00011112,,8618.44625,298.1355333727506,,0.00011112
1134,1959,Starling,NA-Starling1959,L,,,,,,2.5,298.1355333727506,8618.44625,0.00011132,,8618.44625,298.1355333727506,,0.00011132
1135,1959,Starling,NA-Starling1959,L,,,,,,2.5,298.1355333727506,10342.1355,0.00011377,,10342.1355,298.1355333727506,,0.00011377
1136,1959,Starling,NA-Starling1959,L,,,,,,2.5,298.1355333727506,10342.1355,0.00011403,,10342.1355,298.1355333727506,,0.00011403
1137,1959,Starling,NA-Starling1959,L,,,,,,2.5,298.1355333727506,12065.82475,0.00011679,,12065.82475,298.1355333727506,,0.00011679
1138,1959,Starling,NA-Starling1959,L,,,,,,2.5,298.1355333727506,12065.82475,0.0001168,,12065.82475,298.1355333727506,,0.0001168
1139,1959,Starling,NA-Starling1959,L,,,,,,2.5,298.1355333727506,13789.514,0.00012073,,13789.514,298.1355333727506,,0.00012073
1140,1959,Starling,NA-Starling1959,L,,,,,,2.5,298.1355333727506,13789.514,0.0001200099999999,,13789.514,298.1355333727506,,0.0001200099999999
1141,1959,Starling,NA-Starling1959,L,,,,,,2.5,298.1355333727506,17236.8925,0.00012491,,17236.8925,298.1355333727506,,0.00012491
1142,1959,Starling,NA-Starling1959,L,,,,,,2.5,298.1355333727506,17236.8925,0.00012553,,17236.8925,298.1355333727506,,0.00012553
1143,1959,Starling,NA-Starling1959,L,,,,,,2.5,298.1355333727506,20684.271,0.0001298599999999,,20684.271,298.1355333727506,,0.0001298599999999
1144,1959,Starling,NA-Starling1959,L,,,,,,2.5,298.1355333727506,20684.271,0.00012948,,20684.271,298.1355333727506,,0.00012948
1145,1959,Starling,NA-Starling1959,L,,,,,,2.5,298.1355333727506,24131.6495,0.0001349799999999,,24131.6495,298.1355333727506,,0.0001349799999999
1146,1959,Starling,NA-Starling1959,L,,,,,,2.5,298.1355333727506,24131.6495,0.00013553,,24131.6495,298.1355333727506,,0.00013553
1147,1959,Starling,NA-Starling1959,L,,,,,,2.5,298.1355333727506,27579.028,0.00014039,,27579.028,298.1355333727506,,0.00014039
1148,1959,Starling,NA-Starling1959,L,,,,,,2.5,298.1355333727506,27579.028,0.00014079,,27579.028,298.1355333727506,,0.00014079
1149,1959,Starling,NA-Starling1959,L,,,,,,2.5,298.1355333727506,34473.785,0.00015024,,34473.785,298.1355333727506,,0.00015024
1150,1959,Starling,NA-Starling1959,L,,,,,,2.5,298.1355333727506,34473.785,0.00014745,,34473.785,298.1355333727506,,0.00014745
1151,1959,Starling,NA-Starling1959,L,,,,,,2.5,298.1355333727506,34473.785,0.0001474,,34473.785,298.1355333727506,,0.0001474
1152,1959,Starling,NA-Starling1959,L,,,,,,2.5,298.1355333727506,41368.542,0.00015796,,41368.542,298.1355333727506,,0.00015796
1153,1959,Starling,NA-Starling1959,L,,,,,,2.5,298.1355333727506,41368.542,0.00015768,,41368.542,298.1355333727506,,0.00015768
1154,1959,Starling,NA-Starling1959,L,,,,,,2.5,298.1355333727506,48263.299,0.00016586,,48263.299,298.1355333727506,,0.00016586
1155,1959,Starling,NA-Starling1959,L,,,,,,2.5,298.1355333727506,48263.299,0.00016701,,48263.299,298.1355333727506,,0.00016701
1156,1959,Starling,NA-Starling1959,L,,,,,,2.5,298.1355333727506,55158.056,0.00017539,,55158.056,298.1355333727506,,0.00017539
1157,1959,Starling,NA-Starling1959,L,,,,,,2.5,298.1355333727506,55158.056,0.00017541,,55158.056,298.1355333727506,,0.00017541
1158,1959,Starling,NA-Starling1959,L,,,,,,2.5,298.1355333727506,62052.813,0.000184,,62052.813,298.1355333727506,,0.000184
1163,1959,Starling,NA-Starling1959,L,,,,,,2.5,310.908184095576,1378.9514,8.495e-05,,1378.9514,310.908184095576,,8.495e-05
1164,1959,Starling,NA-Starling1959,L,,,,,,2.5,310.908184095576,1378.9514,8.507000000000001e-05,,1378.9514,310.908184095576,,8.507000000000001e-05
1165,1959,Starling,NA-Starling1959,L,,,,,,2.5,310.908184095576,2757.9028000000003,8.798000000000001e-05,,2757.9028000000003,310.908184095576,,8.798000000000001e-05
1166,1959,Starling,NA-Starling1959,L,,,,,,2.5,310.908184095576,2757.9028000000003,8.805000000000001e-05,,2757.9028000000003,310.908184095576,,8.805000000000001e-05
1167,1959,Starling,NA-Starling1959,L,,,,,,2.5,310.908184095576,4136.8542,9.065e-05,,4136.8542,310.908184095576,,9.065e-05
1168,1959,Starling,NA-Starling1959,L,,,,,,2.5,310.908184095576,4136.8542,9.084e-05,,4136.8542,310.908184095576,,9.084e-05
1169,1959,Starling,NA-Starling1959,L,,,,,,2.5,310.908184095576,5515.805600000001,9.355e-05,,5515.805600000001,310.908184095576,,9.355e-05
1170,1959,Starling,NA-Starling1959,L,,,,,,2.5,310.908184095576,5515.805600000001,9.352e-05,,5515.805600000001,310.908184095576,,9.352e-05
1171,1959,Starling,NA-Starling1959,L,,,,,,2.5,310.908184095576,6894.7570000000005,9.58e-05,,6894.7570000000005,310.908184095576,,9.58e-05
1172,1959,Starling,NA-Starling1959,L,,,,,,2.5,310.908184095576,6894.7570000000005,9.584e-05,,6894.7570000000005,310.908184095576,,9.584e-05
1173,1959,Starling,NA-Starling1959,L,,,,,,2.5,310.908184095576,6894.7570000000005,9.536e-05,,6894.7570000000005,310.908184095576,,9.536e-05
1174,1959,Starling,NA-Starling1959,L,,,,,,2.5,310.908184095576,6894.7570000000005,9.582e-05,,6894.7570000000005,310.908184095576,,9.582e-05
1175,1959,Starling,NA-Starling1959,L,,,,,,2.5,310.908184095576,10342.1355,0.00010197,,10342.1355,310.908184095576,,0.00010197
1176,1959,Starling,NA-Starling1959,L,,,,,,2.5,310.908184095576,10342.1355,0.00010104,,10342.1355,310.908184095576,,0.00010104
1177,1959,Starling,NA-Starling1959,L,,,,,,2.5,310.908184095576,13789.514,0.00010757,,13789.514,310.908184095576,,0.00010757
1178,1959,Starling,NA-Starling1959,L,,,,,,2.5,310.908184095576,13789.514,0.00010764,,13789.514,310.908184095576,,0.00010764
1179,1959,Starling,NA-Starling1959,L,,,,,,2.5,310.908184095576,20684.271,0.00011741,,20684.271,310.908184095576,,0.00011741
1180,1959,Starling,NA-Starling1959,L,,,,,,2.5,310.908184095576,20684.271,0.0001173,,20684.271,310.908184095576,,0.0001173
1181,1959,Starling,NA-Starling1959,L,,,,,,2.5,310.908184095576,27579.028,0.00012734,,27579.028,310.908184095576,,0.00012734
1182,1959,Starling,NA-Starling1959,L,,,,,,2.5,310.908184095576,27579.028,0.00012737,,27579.028,310.908184095576,,0.00012737
1183,1959,Starling,NA-Starling1959,L,,,,,,2.5,310.908184095576,41368.542,0.00014553,,41368.542,310.908184095576,,0.00014553
1184,1959,Starling,NA-Starling1959,L,,,,,,2.5,310.908184095576,41368.542,0.00014548,,41368.542,310.908184095576,,0.00014548
1185,1959,Starling,NA-Starling1959,L,,,,,,2.5,310.908184095576,55158.056,0.00016057,,55158.056,310.908184095576,,0.00016057
1186,1959,Starling,NA-Starling1959,L,,,,,,2.5,310.908184095576,55158.056,0.00016043,,55158.056,310.908184095576,,0.00016043
1195,1959,Starling,NA-Starling1959,L,,,,,,2.5,327.5703892545367,2757.9028000000003,7.226e-05,,2757.9028000000003,327.5703892545367,,7.226e-05
1196,1959,Starling,NA-Starling1959,L,,,,,,2.5,327.5703892545367,2757.9028000000003,7.243e-05,,2757.9028000000003,327.5703892545367,,7.243e-05
1197,1959,Starling,NA-Starling1959,L,,,,,,2.5,327.5703892545367,2757.9028000000003,7.209000000000001e-05,,2757.9028000000003,327.5703892545367,,7.209000000000001e-05
1198,1959,Starling,NA-Starling1959,L,,,,,,2.5,327.5703892545367,4136.8542,7.572000000000001e-05,,4136.8542,327.5703892545367,,7.572000000000001e-05
1199,1959,Starling,NA-Starling1959,L,,,,,,2.5,327.5703892545367,4136.8542,7.572000000000001e-05,,4136.8542,327.5703892545367,,7.572000000000001e-05
1200,1959,Starling,NA-Starling1959,L,,,,,,2.5,327.5703892545367,5515.805600000001,7.846e-05,,5515.805600000001,327.5703892545367,,7.846e-05
1201,1959,Starling,NA-Starling1959,L,,,,,,2.5,327.5703892545367,5515.805600000001,7.862e-05,,5515.805600000001,327.5703892545367,,7.862e-05
1202,1959,Starling,NA-Starling1959,L,,,,,,2.5,327.5703892545367,6894.7570000000005,8.124000000000002e-05,,6894.7570000000005,327.5703892545367,,8.124000000000002e-05
1203,1959,Starling,NA-Starling1959,L,,,,,,2.5,327.5703892545367,6894.7570000000005,8.152e-05,,6894.7570000000005,327.5703892545367,,8.152e-05
1204,1959,Starling,NA-Starling1959,L,,,,,,2.5,327.5703892545367,6894.7570000000005,8.142000000000002e-05,,6894.7570000000005,327.5703892545367,,8.142000000000002e-05
1205,1959,Starling,NA-Starling1959,L,,,,,,2.5,327.5703892545367,10342.1355,8.78e-05,,10342.1355,327.5703892545367,,8.78e-05
1206,1959,Starling,NA-Starling1959,L,,,,,,2.5,327.5703892545367,10342.1355,8.785000000000001e-05,,10342.1355,327.5703892545367,,8.785000000000001e-05
1207,1959,Starling,NA-Starling1959,L,,,,,,2.5,327.5703892545367,13789.514,9.339e-05,,13789.514,327.5703892545367,,9.339e-05
1208,1959,Starling,NA-Starling1959,L,,,,,,2.5,327.5703892545367,13789.514,9.352e-05,,13789.514,327.5703892545367,,9.352e-05
1209,1959,Starling,NA-Starling1959,L,,,,,,2.5,327.5703892545367,20684.271,0.00010384,,20684.271,327.5703892545367,,0.00010384
1210,1959,Starling,NA-Starling1959,L,,,,,,2.5,327.5703892545367,20684.271,0.00010369,,20684.271,327.5703892545367,,0.00010369
1211,1959,Starling,NA-Starling1959,L,,,,,,2.5,327.5703892545367,27579.028,0.00011316,,27579.028,327.5703892545367,,0.00011316
1212,1959,Starling,NA-Starling1959,L,,,,,,2.5,327.5703892545367,27579.028,0.00011307,,27579.028,327.5703892545367,,0.00011307
1213,1959,Starling,NA-Starling1959,L,,,,,,2.5,327.5703892545367,41368.542,0.00013061,,41368.542,327.5703892545367,,0.00013061
1214,1959,Starling,NA-Starling1959,L,,,,,,2.5,327.5703892545367,41368.542,0.00013041,,41368.542,327.5703892545367,,0.00013041
1215,1959,Starling,NA-Starling1959,L,,,,,,2.5,327.5703892545367,55158.056,0.00014616,,55158.056,327.5703892545367,,0.00014616
1216,1959,Starling,NA-Starling1959,L,,,,,,2.5,327.5703892545367,55158.056,0.00014637,,55158.056,327.5703892545367,,0.00014637
1232,1959,Starling,NA-Starling1959,L,,,,,,2.5,344.2348614198211,2757.9028000000003,5.6210000000000006e-05,,2757.9028000000003,344.2348614198211,,5.6210000000000006e-05
1233,1959,Starling,NA-Starling1959,L,,,,,,2.5,344.2348614198211,2757.9028000000003,5.629e-05,,2757.9028000000003,344.2348614198211,,5.629e-05
1234,1959,Starling,NA-Starling1959,L,,,,,,2.5,344.2348614198211,2757.9028000000003,5.656e-05,,2757.9028000000003,344.2348614198211,,5.656e-05
1235,1959,Starling,NA-Starling1959,L,,,,,,2.5,344.2348614198211,4136.8542,6.138e-05,,4136.8542,344.2348614198211,,6.138e-05
1236,1959,Starling,NA-Starling1959,L,,,,,,2.5,344.2348614198211,4136.8542,6.135e-05,,4136.8542,344.2348614198211,,6.135e-05
1237,1959,Starling,NA-Starling1959,L,,,,,,2.5,344.2348614198211,5515.805600000001,6.505e-05,,5515.805600000001,344.2348614198211,,6.505e-05
1238,1959,Starling,NA-Starling1959,L,,,,,,2.5,344.2348614198211,5515.805600000001,6.507000000000001e-05,,5515.805600000001,344.2348614198211,,6.507000000000001e-05
1239,1959,Starling,NA-Starling1959,L,,,,,,2.5,344.2348614198211,6894.7570000000005,6.832000000000001e-05,,6894.7570000000005,344.2348614198211,,6.832000000000001e-05
1240,1959,Starling,NA-Starling1959,L,,,,,,2.5,344.2348614198211,6894.7570000000005,6.834e-05,,6894.7570000000005,344.2348614198211,,6.834e-05
1241,1959,Starling,NA-Starling1959,L,,,,,,2.5,344.2348614198211,6894.7570000000005,6.869e-05,,6894.7570000000005,344.2348614198211,,6.869e-05
1242,1959,Starling,NA-Starling1959,L,,,,,,2.5,344.2348614198211,6894.7570000000005,6.872000000000002e-05,,6894.7570000000005,344.2348614198211,,6.872000000000002e-05
1243,1959,Starling,NA-Starling1959,L,,,,,,2.5,344.2348614198211,8618.44625,7.193999999999999e-05,,8618.44625,344.2348614198211,,7.193999999999999e-05
1244,1959,Starling,NA-Starling1959,L,,,,,,2.5,344.2348614198211,8618.44625,7.19e-05,,8618.44625,344.2348614198211,,7.19e-05
1245,1959,Starling,NA-Starling1959,L,,,,,,2.5,344.2348614198211,10342.1355,7.510000000000001e-05,,10342.1355,344.2348614198211,,7.510000000000001e-05
1246,1959,Starling,NA-Starling1959,L,,,,,,2.5,344.2348614198211,10342.1355,7.509e-05,,10342.1355,344.2348614198211,,7.509e-05
1247,1959,Starling,NA-Starling1959,L,,,,,,2.5,344.2348614198211,12065.82475,7.818e-05,,12065.82475,344.2348614198211,,7.818e-05
1248,1959,Starling,NA-Starling1959,L,,,,,,2.5,344.2348614198211,12065.82475,7.825e-05,,12065.82475,344.2348614198211,,7.825e-05
1249,1959,Starling,NA-Starling1959,L,,,,,,2.5,344.2348614198211,13789.514,8.084e-05,,13789.514,344.2348614198211,,8.084e-05
1250,1959,Starling,NA-Starling1959,L,,,,,,2.5,344.2348614198211,13789.514,8.080000000000001e-05,,13789.514,344.2348614198211,,8.080000000000001e-05
1251,1959,Starling,NA-Starling1959,L,,,,,,2.5,344.2348614198211,13789.514,8.209000000000001e-05,,13789.514,344.2348614198211,,8.209000000000001e-05
1252,1959,Starling,NA-Starling1959,L,,,,,,2.5,344.2348614198211,13789.514,8.202e-05,,13789.514,344.2348614198211,,8.202e-05
1253,1959,Starling,NA-Starling1959,L,,,,,,2.5,344.2348614198211,17236.8925,8.742000000000001e-05,,17236.8925,344.2348614198211,,8.742000000000001e-05
1254,1959,Starling,NA-Starling1959,L,,,,,,2.5,344.2348614198211,17236.8925,8.754e-05,,17236.8925,344.2348614198211,,8.754e-05
1255,1959,Starling,NA-Starling1959,L,,,,,,2.5,344.2348614198211,17236.8925,8.713e-05,,17236.8925,344.2348614198211,,8.713e-05
1256,1959,Starling,NA-Starling1959,L,,,,,,2.5,344.2348614198211,20684.271,9.243e-05,,20684.271,344.2348614198211,,9.243e-05
1257,1959,Starling,NA-Starling1959,L,,,,,,2.5,344.2348614198211,20684.271,9.205e-05,,20684.271,344.2348614198211,,9.205e-05
1258,1959,Starling,NA-Starling1959,L,,,,,,2.5,344.2348614198211,24131.6495,9.727e-05,,24131.6495,344.2348614198211,,9.727e-05
1259,1959,Starling,NA-Starling1959,L,,,,,,2.5,344.2348614198211,24131.6495,9.665e-05,,24131.6495,344.2348614198211,,9.665e-05
1260,1959,Starling,NA-Starling1959,L,,,,,,2.5,344.2348614198211,27579.028,0.00010188,,27579.028,344.2348614198211,,0.00010188
1261,1959,Starling,NA-Starling1959,L,,,,,,2.5,344.2348614198211,27579.028,0.00010143,,27579.028,344.2348614198211,,0.00010143
1262,1959,Starling,NA-Starling1959,L,,,,,,2.5,344.2348614198211,31026.4065,0.00010589,,31026.4065,344.2348614198211,,0.00010589
1263,1959,Starling,NA-Starling1959,L,,,,,,2.5,344.2348614198211,31026.4065,0.00010558,,31026.4065,344.2348614198211,,0.00010558
1264,1959,Starling,NA-Starling1959,L,,,,,,2.5,344.2348614198211,34473.785,0.00011017,,34473.785,344.2348614198211,,0.00011017
1265,1959,Starling,NA-Starling1959,L,,,,,,2.5,344.2348614198211,34473.785,0.00011032,,34473.785,344.2348614198211,,0.00011032
1266,1959,Starling,NA-Starling1959,L,,,,,,2.5,344.2348614198211,41368.542,0.00011829,,41368.542,344.2348614198211,,0.00011829
1267,1959,Starling,NA-Starling1959,L,,,,,,2.5,344.2348614198211,41368.542,0.00011806,,41368.542,344.2348614198211,,0.00011806
1268,1959,Starling,NA-Starling1959,L,,,,,,2.5,344.2348614198211,48263.299,0.00012641,,48263.299,344.2348614198211,,0.00012641
1269,1959,Starling,NA-Starling1959,L,,,,,,2.5,344.2348614198211,48263.299,0.00012581,,48263.299,344.2348614198211,,0.00012581
1270,1959,Starling,NA-Starling1959,L,,,,,,2.5,344.2348614198211,55158.056,0.0001334099999999,,55158.056,344.2348614198211,,0.0001334099999999
1271,1959,Starling,NA-Starling1959,L,,,,,,2.5,344.2348614198211,55158.056,0.00013289,,55158.056,344.2348614198211,,0.00013289
1296,1959,Starling,NA-Starling1959,L,,,,,,2.5,360.9013117969397,4136.8542,4.5310000000000005e-05,,4136.8542,360.9013117969397,,4.5310000000000005e-05
1297,1959,Starling,NA-Starling1959,L,,,,,,2.5,360.9013117969397,4136.8542,4.5310000000000005e-05,,4136.8542,360.9013117969397,,4.5310000000000005e-05
1298,1959,Starling,NA-Starling1959,L,,,,,,2.5,360.9013117969397,5515.805600000001,5.214e-05,,5515.805600000001,360.9013117969397,,5.214e-05
1299,1959,Starling,NA-Starling1959,L,,,,,,2.5,360.9013117969397,5515.805600000001,5.206e-05,,5515.805600000001,360.9013117969397,,5.206e-05
1300,1959,Starling,NA-Starling1959,L,,,,,,2.5,360.9013117969397,6894.7570000000005,5.585e-05,,6894.7570000000005,360.9013117969397,,5.585e-05
1301,1959,Starling,NA-Starling1959,L,,,,,,2.5,360.9013117969397,6894.7570000000005,5.6120000000000005e-05,,6894.7570000000005,360.9013117969397,,5.6120000000000005e-05
1302,1959,Starling,NA-Starling1959,L,,,,,,2.5,360.9013117969397,6894.7570000000005,5.606e-05,,6894.7570000000005,360.9013117969397,,5.606e-05
1303,1959,Starling,NA-Starling1959,L,,,,,,2.5,360.9013117969397,8618.44625,6.0450000000000006e-05,,8618.44625,360.9013117969397,,6.0450000000000006e-05
1304,1959,Starling,NA-Starling1959,L,,,,,,2.5,360.9013117969397,8618.44625,6.05e-05,,8618.44625,360.9013117969397,,6.05e-05
1305,1959,Starling,NA-Starling1959,L,,,,,,2.5,360.9013117969397,10342.1355,6.428e-05,,10342.1355,360.9013117969397,,6.428e-05
1306,1959,Starling,NA-Starling1959,L,,,,,,2.5,360.9013117969397,10342.1355,6.426000000000001e-05,,10342.1355,360.9013117969397,,6.426000000000001e-05
1307,1959,Starling,NA-Starling1959,L,,,,,,2.5,360.9013117969397,13789.514,7.076000000000001e-05,,13789.514,360.9013117969397,,7.076000000000001e-05
1308,1959,Starling,NA-Starling1959,L,,,,,,2.5,360.9013117969397,13789.514,7.076000000000001e-05,,13789.514,360.9013117969397,,7.076000000000001e-05
1309,1959,Starling,NA-Starling1959,L,,,,,,2.5,360.9013117969397,20684.271,8.16e-05,,20684.271,360.9013117969397,,8.16e-05
1310,1959,Starling,NA-Starling1959,L,,,,,,2.5,360.9013117969397,20684.271,8.147000000000002e-05,,20684.271,360.9013117969397,,8.147000000000002e-05
1311,1959,Starling,NA-Starling1959,L,,,,,,2.5,360.9013117969397,27579.028,9.101e-05,,27579.028,360.9013117969397,,9.101e-05
1312,1959,Starling,NA-Starling1959,L,,,,,,2.5,360.9013117969397,27579.028,9.106e-05,,27579.028,360.9013117969397,,9.106e-05
1313,1959,Starling,NA-Starling1959,L,,,,,,2.5,360.9013117969397,41368.542,0.00010781,,41368.542,360.9013117969397,,0.00010781
1314,1959,Starling,NA-Starling1959,L,,,,,,2.5,360.9013117969397,41368.542,0.00010784,,41368.542,360.9013117969397,,0.00010784
1315,1959,Starling,NA-Starling1959,L,,,,,,2.5,360.9013117969397,55158.056,0.00012318,,55158.056,360.9013117969397,,0.00012318
1316,1959,Starling,NA-Starling1959,L,,,,,,2.5,360.9013117969397,55158.056,0.00012314,,55158.056,360.9013117969397,,0.00012314
1354,1959,Starling,NA-Starling1959,L,,,,,,2.5,370.1241579631292,4309.223125,3.0060000000000004e-05,,4309.223125,370.1241579631292,,3.0060000000000004e-05
1355,1959,Starling,NA-Starling1959,L,,,,,,2.5,370.1241579631292,4309.223125,2.9680000000000004e-05,,4309.223125,370.1241579631292,,2.9680000000000004e-05
1356,1959,Starling,NA-Starling1959,L,,,,,,2.5,370.1241579631292,4309.223125,2.972e-05,,4309.223125,370.1241579631292,,2.972e-05
1357,1959,Starling,NA-Starling1959,L,,,,,,2.5,370.1241579631292,4309.223125,2.924e-05,,4309.223125,370.1241579631292,,2.924e-05
1358,1959,Starling,NA-Starling1959,L,,,,,,2.5,370.1241579631292,4481.59205,3.454e-05,,4481.59205,370.1241579631292,,3.454e-05
1359,1959,Starling,NA-Starling1959,L,,,,,,2.5,370.1241579631292,4481.59205,3.453e-05,,4481.59205,370.1241579631292,,3.453e-05
1360,1959,Starling,NA-Starling1959,L,,,,,,2.5,370.1241579631292,4481.59205,3.4580000000000004e-05,,4481.59205,370.1241579631292,,3.4580000000000004e-05
1361,1959,Starling,NA-Starling1959,L,,,,,,2.5,370.1241579631292,4826.3299,3.889e-05,,4826.3299,370.1241579631292,,3.889e-05
1362,1959,Starling,NA-Starling1959,L,,,,,,2.5,370.1241579631292,4826.3299,3.897e-05,,4826.3299,370.1241579631292,,3.897e-05
1363,1959,Starling,NA-Starling1959,L,,,,,,2.5,370.1241579631292,4826.3299,3.940000000000001e-05,,4826.3299,370.1241579631292,,3.940000000000001e-05
1364,1959,Starling,NA-Starling1959,L,,,,,,2.5,370.1241579631292,4826.3299,3.848e-05,,4826.3299,370.1241579631292,,3.848e-05
1365,1959,Starling,NA-Starling1959,L,,,,,,2.5,370.1241579631292,5515.805600000001,4.294e-05,,5515.805600000001,370.1241579631292,,4.294e-05
1366,1959,Starling,NA-Starling1959,L,,,,,,2.5,370.1241579631292,5515.805600000001,4.329e-05,,5515.805600000001,370.1241579631292,,4.329e-05
1367,1959,Starling,NA-Starling1959,L,,,,,,2.5,370.1241579631292,5515.805600000001,4.329e-05,,5515.805600000001,370.1241579631292,,4.329e-05
1368,1959,Starling,NA-Starling1959,L,,,,,,2.5,370.1241579631292,5515.805600000001,4.3360000000000005e-05,,5515.805600000001,370.1241579631292,,4.3360000000000005e-05
1369,1959,Starling,NA-Starling1959,L,,,,,,2.5,370.1241579631292,6205.281300000001,4.6580000000000005e-05,,6205.281300000001,370.1241579631292,,4.6580000000000005e-05
1370,1959,Starling,NA-Starling1959,L,,,,,,2.5,370.1241579631292,6205.281300000001,4.6630000000000006e-05,,6205.281300000001,370.1241579631292,,4.6630000000000006e-05
1371,1959,Starling,NA-Starling1959,L,,,,,,2.5,370.1241579631292,6205.281300000001,4.6760000000000006e-05,,6205.281300000001,370.1241579631292,,4.6760000000000006e-05
1372,1959,Starling,NA-Starling1959,L,,,,,,2.5,370.1241579631292,6205.281300000001,4.638e-05,,6205.281300000001,370.1241579631292,,4.638e-05
1373,1959,Starling,NA-Starling1959,L,,,,,,2.5,370.1241579631292,6894.7570000000005,4.918000000000001e-05,,6894.7570000000005,370.1241579631292,,4.918000000000001e-05
1374,1959,Starling,NA-Starling1959,L,,,,,,2.5,370.1241579631292,6894.7570000000005,4.906e-05,,6894.7570000000005,370.1241579631292,,4.906e-05
1375,1959,Starling,NA-Starling1959,L,,,,,,2.5,370.1241579631292,6894.7570000000005,4.899e-05,,6894.7570000000005,370.1241579631292,,4.899e-05
1376,1959,Starling,NA-Starling1959,L,,,,,,2.5,370.1241579631292,6894.7570000000005,4.937e-05,,6894.7570000000005,370.1241579631292,,4.937e-05
1377,1959,Starling,NA-Starling1959,L,,,,,,2.5,370.1241579631292,6894.7570000000005,4.942000000000001e-05,,6894.7570000000005,370.1241579631292,,4.942000000000001e-05
1378,1959,Starling,NA-Starling1959,L,,,,,,2.5,370.1241579631292,6894.7570000000005,4.936000000000001e-05,,6894.7570000000005,370.1241579631292,,4.936000000000001e-05
1379,1959,Starling,NA-Starling1959,L,,,,,,2.5,370.1241579631292,6894.7570000000005,4.92e-05,,6894.7570000000005,370.1241579631292,,4.92e-05
1380,1959,Starling,NA-Starling1959,L,,,,,,2.5,370.1241579631292,8618.44625,5.476e-05,,8618.44625,370.1241579631292,,5.476e-05
1381,1959,Starling,NA-Starling1959,L,,,,,,2.5,370.1241579631292,8618.44625,5.486000000000001e-05,,8618.44625,370.1241579631292,,5.486000000000001e-05
1382,1959,Starling,NA-Starling1959,L,,,,,,2.5,370.1241579631292,10342.1355,5.891e-05,,10342.1355,370.1241579631292,,5.891e-05
1383,1959,Starling,NA-Starling1959,L,,,,,,2.5,370.1241579631292,10342.1355,5.890000000000001e-05,,10342.1355,370.1241579631292,,5.890000000000001e-05
1384,1959,Starling,NA-Starling1959,L,,,,,,2.5,370.1241579631292,13789.514,6.579e-05,,13789.514,370.1241579631292,,6.579e-05
1385,1959,Starling,NA-Starling1959,L,,,,,,2.5,370.1241579631292,13789.514,6.589e-05,,13789.514,370.1241579631292,,6.589e-05
1386,1959,Starling,NA-Starling1959,L,,,,,,2.5,370.1241579631292,20684.271,7.688e-05,,20684.271,370.1241579631292,,7.688e-05
1387,1959,Starling,NA-Starling1959,L,,,,,,2.5,370.1241579631292,20684.271,7.702e-05,,20684.271,370.1241579631292,,7.702e-05
1388,1959,Starling,NA-Starling1959,L,,,,,,2.5,370.1241579631292,27579.028,8.655000000000002e-05,,27579.028,370.1241579631292,,8.655000000000002e-05
1389,1959,Starling,NA-Starling1959,L,,,,,,2.5,370.1241579631292,27579.028,8.612000000000001e-05,,27579.028,370.1241579631292,,8.612000000000001e-05
1390,1959,Starling,NA-Starling1959,L,,,,,,2.5,370.1241579631292,41368.542,0.00010286,,41368.542,370.1241579631292,,0.00010286
1391,1959,Starling,NA-Starling1959,L,,,,,,2.5,370.1241579631292,41368.542,0.0001027599999999,,41368.542,370.1241579631292,,0.0001027599999999
1392,1959,Starling,NA-Starling1959,L,,,,,,2.5,370.1241579631292,55158.056,0.0001173,,55158.056,370.1241579631292,,0.0001173
1393,1959,Starling,NA-Starling1959,L,,,,,,2.5,370.1241579631292,55158.056,0.00011707,,55158.056,370.1241579631292,,0.00011707
1423,1959,Starling,NA-Starling1959,L,,,,,,2.5,377.56944979504897,4826.3299,2.237e-05,,4826.3299,377.56944979504897,,2.237e-05
1424,1959,Starling,NA-Starling1959,L,,,,,,2.5,377.56944979504897,4826.3299,2.236e-05,,4826.3299,377.56944979504897,,2.236e-05
1425,1959,Starling,NA-Starling1959,L,,,,,,2.5,377.56944979504897,5515.805600000001,3.47e-05,,5515.805600000001,377.56944979504897,,3.47e-05
1426,1959,Starling,NA-Starling1959,L,,,,,,2.5,377.56944979504897,5515.805600000001,3.475e-05,,5515.805600000001,377.56944979504897,,3.475e-05
1427,1959,Starling,NA-Starling1959,L,,,,,,2.5,377.56944979504897,6894.7570000000005,4.308000000000001e-05,,6894.7570000000005,377.56944979504897,,4.308000000000001e-05
1428,1959,Starling,NA-Starling1959,L,,,,,,2.5,377.56944979504897,6894.7570000000005,4.317e-05,,6894.7570000000005,377.56944979504897,,4.317e-05
1429,1959,Starling,NA-Starling1959,L,,,,,,2.5,377.56944979504897,6894.7570000000005,4.33e-05,,6894.7570000000005,377.56944979504897,,4.33e-05
1430,1959,Starling,NA-Starling1959,L,,,,,,2.5,377.56944979504897,6894.7570000000005,4.324e-05,,6894.7570000000005,377.56944979504897,,4.324e-05
1431,1959,Starling,NA-Starling1959,L,,,,,,2.5,377.56944979504897,6894.7570000000005,4.312000000000001e-05,,6894.7570000000005,377.56944979504897,,4.312000000000001e-05
1432,1959,Starling,NA-Starling1959,L,,,,,,2.5,377.56944979504897,6894.7570000000005,4.3020000000000005e-05,,6894.7570000000005,377.56944979504897,,4.3020000000000005e-05
1433,1959,Starling,NA-Starling1959,L,,,,,,2.5,377.56944979504897,8618.44625,4.952e-05,,8618.44625,377.56944979504897,,4.952e-05
1434,1959,Starling,NA-Starling1959,L,,,,,,2.5,377.56944979504897,8618.44625,4.9510000000000005e-05,,8618.44625,377.56944979504897,,4.9510000000000005e-05
1435,1959,Starling,NA-Starling1959,L,,,,,,2.5,377.56944979504897,10342.1355,5.425e-05,,10342.1355,377.56944979504897,,5.425e-05
1436,1959,Starling,NA-Starling1959,L,,,,,,2.5,377.56944979504897,10342.1355,5.413e-05,,10342.1355,377.56944979504897,,5.413e-05
1437,1959,Starling,NA-Starling1959,L,,,,,,2.5,377.56944979504897,12065.82475,5.8070000000000005e-05,,12065.82475,377.56944979504897,,5.8070000000000005e-05
1438,1959,Starling,NA-Starling1959,L,,,,,,2.5,377.56944979504897,12065.82475,5.8120000000000006e-05,,12065.82475,377.56944979504897,,5.8120000000000006e-05
1439,1959,Starling,NA-Starling1959,L,,,,,,2.5,377.56944979504897,13789.514,6.156e-05,,13789.514,377.56944979504897,,6.156e-05
1440,1959,Starling,NA-Starling1959,L,,,,,,2.5,377.56944979504897,13789.514,6.148e-05,,13789.514,377.56944979504897,,6.148e-05
1441,1959,Starling,NA-Starling1959,L,,,,,,2.5,377.56944979504897,17236.8925,6.734e-05,,17236.8925,377.56944979504897,,6.734e-05
1442,1959,Starling,NA-Starling1959,L,,,,,,2.5,377.56944979504897,17236.8925,6.748e-05,,17236.8925,377.56944979504897,,6.748e-05
1443,1959,Starling,NA-Starling1959,L,,,,,,2.5,377.56944979504897,20684.271,7.269e-05,,20684.271,377.56944979504897,,7.269e-05
1444,1959,Starling,NA-Starling1959,L,,,,,,2.5,377.56944979504897,20684.271,7.267999999999999e-05,,20684.271,377.56944979504897,,7.267999999999999e-05
1445,1959,Starling,NA-Starling1959,L,,,,,,2.5,377.56944979504897,27579.028,8.21e-05,,27579.028,377.56944979504897,,8.21e-05
1446,1959,Starling,NA-Starling1959,L,,,,,,2.5,377.56944979504897,27579.028,8.207e-05,,27579.028,377.56944979504897,,8.207e-05
1447,1959,Starling,NA-Starling1959,L,,,,,,2.5,377.56944979504897,41368.542,9.738e-05,,41368.542,377.56944979504897,,9.738e-05
1448,1959,Starling,NA-Starling1959,L,,,,,,2.5,377.56944979504897,41368.542,9.736000000000002e-05,,41368.542,377.56944979504897,,9.736000000000002e-05
1449,1959,Starling,NA-Starling1959,L,,,,,,2.5,377.56944979504897,55158.056,0.00010944,,55158.056,377.56944979504897,,0.00010944
1450,1959,Starling,NA-Starling1959,L,,,,,,2.5,377.56944979504897,55158.056,0.00011008,,55158.056,377.56944979504897,,0.00011008
1468,1959,Starling,NA-Starling1959,L,,,,,,2.5,394.2389925510018,5515.805600000001,1.7790000000000004e-05,,5515.805600000001,394.2389925510018,,1.7790000000000004e-05
1469,1959,Starling,NA-Starling1959,L,,,,,,2.5,394.2389925510018,5515.805600000001,1.783e-05,,5515.805600000001,394.2389925510018,,1.783e-05
1470,1959,Starling,NA-Starling1959,L,,,,,,2.5,394.2389925510018,6205.281300000001,2.371e-05,,6205.281300000001,394.2389925510018,,2.371e-05
1471,1959,Starling,NA-Starling1959,L,,,,,,2.5,394.2389925510018,6205.281300000001,2.3430000000000004e-05,,6205.281300000001,394.2389925510018,,2.3430000000000004e-05
1472,1959,Starling,NA-Starling1959,L,,,,,,2.5,394.2389925510018,6205.281300000001,2.366e-05,,6205.281300000001,394.2389925510018,,2.366e-05
1473,1959,Starling,NA-Starling1959,L,,,,,,2.5,394.2389925510018,6205.281300000001,2.348000000000001e-05,,6205.281300000001,394.2389925510018,,2.348000000000001e-05
1474,1959,Starling,NA-Starling1959,L,,,,,,2.5,394.2389925510018,6894.7570000000005,2.98e-05,,6894.7570000000005,394.2389925510018,,2.98e-05
1475,1959,Starling,NA-Starling1959,L,,,,,,2.5,394.2389925510018,6894.7570000000005,2.984e-05,,6894.7570000000005,394.2389925510018,,2.984e-05
1476,1959,Starling,NA-Starling1959,L,,,,,,2.5,394.2389925510018,6894.7570000000005,2.952e-05,,6894.7570000000005,394.2389925510018,,2.952e-05
1477,1959,Starling,NA-Starling1959,L,,,,,,2.5,394.2389925510018,6894.7570000000005,2.948e-05,,6894.7570000000005,394.2389925510018,,2.948e-05
1478,1959,Starling,NA-Starling1959,L,,,,,,2.5,394.2389925510018,6894.7570000000005,2.937e-05,,6894.7570000000005,394.2389925510018,,2.937e-05
1479,1959,Starling,NA-Starling1959,L,,,,,,2.5,394.2389925510018,6894.7570000000005,2.9380000000000003e-05,,6894.7570000000005,394.2389925510018,,2.9380000000000003e-05
1480,1959,Starling,NA-Starling1959,L,,,,,,2.5,394.2389925510018,6894.7570000000005,2.9760000000000006e-05,,6894.7570000000005,394.2389925510018,,2.9760000000000006e-05
1481,1959,Starling,NA-Starling1959,L,,,,,,2.5,394.2389925510018,8618.44625,3.926000000000001e-05,,8618.44625,394.2389925510018,,3.926000000000001e-05
1482,1959,Starling,NA-Starling1959,L,,,,,,2.5,394.2389925510018,8618.44625,3.919e-05,,8618.44625,394.2389925510018,,3.919e-05
1483,1959,Starling,NA-Starling1959,L,,,,,,2.5,394.2389925510018,8618.44625,3.889e-05,,8618.44625,394.2389925510018,,3.889e-05
1484,1959,Starling,NA-Starling1959,L,,,,,,2.5,394.2389925510018,8618.44625,3.877e-05,,8618.44625,394.2389925510018,,3.877e-05
1485,1959,Starling,NA-Starling1959,L,,,,,,2.5,394.2389925510018,10342.1355,4.4980000000000006e-05,,10342.1355,394.2389925510018,,4.4980000000000006e-05
1486,1959,Starling,NA-Starling1959,L,,,,,,2.5,394.2389925510018,10342.1355,4.488e-05,,10342.1355,394.2389925510018,,4.488e-05
1487,1959,Starling,NA-Starling1959,L,,,,,,2.5,394.2389925510018,10342.1355,4.473000000000001e-05,,10342.1355,394.2389925510018,,4.473000000000001e-05
1488,1959,Starling,NA-Starling1959,L,,,,,,2.5,394.2389925510018,10342.1355,4.471000000000001e-05,,10342.1355,394.2389925510018,,4.471000000000001e-05
1489,1959,Starling,NA-Starling1959,L,,,,,,2.5,394.2389925510018,13789.514,5.309e-05,,13789.514,394.2389925510018,,5.309e-05
1490,1959,Starling,NA-Starling1959,L,,,,,,2.5,394.2389925510018,13789.514,5.292000000000001e-05,,13789.514,394.2389925510018,,5.292000000000001e-05
1491,1959,Starling,NA-Starling1959,L,,,,,,2.5,394.2389925510018,13789.514,5.299e-05,,13789.514,394.2389925510018,,5.299e-05
1492,1959,Starling,NA-Starling1959,L,,,,,,2.5,394.2389925510018,13789.514,5.3e-05,,13789.514,394.2389925510018,,5.3e-05
1493,1959,Starling,NA-Starling1959,L,,,,,,2.5,394.2389925510018,20684.271,6.453000000000001e-05,,20684.271,394.2389925510018,,6.453000000000001e-05
1494,1959,Starling,NA-Starling1959,L,,,,,,2.5,394.2389925510018,20684.271,6.448e-05,,20684.271,394.2389925510018,,6.448e-05
1495,1959,Starling,NA-Starling1959,L,,,,,,2.5,394.2389925510018,20684.271,6.453000000000001e-05,,20684.271,394.2389925510018,,6.453000000000001e-05
1496,1959,Starling,NA-Starling1959,L,,,,,,2.5,394.2389925510018,27579.028,7.394e-05,,27579.028,394.2389925510018,,7.394e-05
1497,1959,Starling,NA-Starling1959,L,,,,,,2.5,394.2389925510018,27579.028,7.392e-05,,27579.028,394.2389925510018,,7.392e-05
1498,1959,Starling,NA-Starling1959,L,,,,,,2.5,394.2389925510018,41368.542,8.948e-05,,41368.542,394.2389925510018,,8.948e-05
1499,1959,Starling,NA-Starling1959,L,,,,,,2.5,394.2389925510018,41368.542,8.959e-05,,41368.542,394.2389925510018,,8.959e-05
1500,1959,Starling,NA-Starling1959,L,,,,,,2.5,394.2389925510018,55158.056,0.0001029599999999,,55158.056,394.2389925510018,,0.0001029599999999
1501,1959,Starling,NA-Starling1959,L,,,,,,2.5,394.2389925510018,55158.056,0.00010289,,55158.056,394.2389925510018,,0.00010289
1508,1959,Starling,NA-Starling1959,L,,,,,,2.5,410.9096703331914,6894.7570000000005,2.104e-05,,6894.7570000000005,410.9096703331914,,2.104e-05
1509,1959,Starling,NA-Starling1959,L,,,,,,2.5,410.9096703331914,6894.7570000000005,2.091e-05,,6894.7570000000005,410.9096703331914,,2.091e-05
1510,1959,Starling,NA-Starling1959,L,,,,,,2.5,410.9096703331914,6894.7570000000005,2.0880000000000003e-05,,6894.7570000000005,410.9096703331914,,2.0880000000000003e-05
1511,1959,Starling,NA-Starling1959,L,,,,,,2.5,410.9096703331914,6894.7570000000005,2.097e-05,,6894.7570000000005,410.9096703331914,,2.097e-05
1512,1959,Starling,NA-Starling1959,L,,,,,,2.5,410.9096703331914,6894.7570000000005,2.075e-05,,6894.7570000000005,410.9096703331914,,2.075e-05
1513,1959,Starling,NA-Starling1959,L,,,,,,2.5,410.9096703331914,6894.7570000000005,2.055e-05,,6894.7570000000005,410.9096703331914,,2.055e-05
1514,1959,Starling,NA-Starling1959,L,,,,,,2.5,410.9096703331914,7584.2327,2.447e-05,,7584.2327,410.9096703331914,,2.447e-05
1515,1959,Starling,NA-Starling1959,L,,,,,,2.5,410.9096703331914,7584.2327,2.4430000000000005e-05,,7584.2327,410.9096703331914,,2.4430000000000005e-05
1516,1959,Starling,NA-Starling1959,L,,,,,,2.5,410.9096703331914,8618.44625,2.9730000000000005e-05,,8618.44625,410.9096703331914,,2.9730000000000005e-05
1517,1959,Starling,NA-Starling1959,L,,,,,,2.5,410.9096703331914,8618.44625,2.967e-05,,8618.44625,410.9096703331914,,2.967e-05
1518,1959,Starling,NA-Starling1959,L,,,,,,2.5,410.9096703331914,8618.44625,2.9760000000000006e-05,,8618.44625,410.9096703331914,,2.9760000000000006e-05
1519,1959,Starling,NA-Starling1959,L,,,,,,2.5,410.9096703331914,8618.44625,2.985e-05,,8618.44625,410.9096703331914,,2.985e-05
1520,1959,Starling,NA-Starling1959,L,,,,,,2.5,410.9096703331914,8618.44625,2.958e-05,,8618.44625,410.9096703331914,,2.958e-05
1521,1959,Starling,NA-Starling1959,L,,,,,,2.5,410.9096703331914,8618.44625,2.954e-05,,8618.44625,410.9096703331914,,2.954e-05
1522,1959,Starling,NA-Starling1959,L,,,,,,2.5,410.9096703331914,8618.44625,2.967e-05,,8618.44625,410.9096703331914,,2.967e-05
1523,1959,Starling,NA-Starling1959,L,,,,,,2.5,410.9096703331914,10342.1355,3.637e-05,,10342.1355,410.9096703331914,,3.637e-05
1524,1959,Starling,NA-Starling1959,L,,,,,,2.5,410.9096703331914,10342.1355,3.6330000000000006e-05,,10342.1355,410.9096703331914,,3.6330000000000006e-05
1525,1959,Starling,NA-Starling1959,L,,,,,,2.5,410.9096703331914,13789.514,4.537000000000001e-05,,13789.514,410.9096703331914,,4.537000000000001e-05
1526,1959,Starling,NA-Starling1959,L,,,,,,2.5,410.9096703331914,13789.514,4.529e-05,,13789.514,410.9096703331914,,4.529e-05
1527,1959,Starling,NA-Starling1959,L,,,,,,2.5,410.9096703331914,20684.271,5.759e-05,,20684.271,410.9096703331914,,5.759e-05
1528,1959,Starling,NA-Starling1959,L,,,,,,2.5,410.9096703331914,20684.271,5.749e-05,,20684.271,410.9096703331914,,5.749e-05
1529,1959,Starling,NA-Starling1959,L,,,,,,2.5,410.9096703331914,27579.028,6.682000000000001e-05,,27579.028,410.9096703331914,,6.682000000000001e-05
1530,1959,Starling,NA-Starling1959,L,,,,,,2.5,410.9096703331914,27579.028,6.661e-05,,27579.028,410.9096703331914,,6.661e-05
1531,1959,Starling,NA-Starling1959,L,,,,,,2.5,410.9096703331914,27579.028,6.681e-05,,27579.028,410.9096703331914,,6.681e-05
1532,1959,Starling,NA-Starling1959,L,,,,,,2.5,410.9096703331914,41368.542,8.176e-05,,41368.542,410.9096703331914,,8.176e-05
1533,1959,Starling,NA-Starling1959,L,,,,,,2.5,410.9096703331914,41368.542,8.227000000000001e-05,,41368.542,410.9096703331914,,8.227000000000001e-05
1534,1959,Starling,NA-Starling1959,L,,,,,,2.5,410.9096703331914,55158.056,9.534e-05,,55158.056,410.9096703331914,,9.534e-05
1535,1959,Starling,NA-Starling1959,L,,,,,,2.5,410.9096703331914,55158.056,9.5e-05,,55158.056,410.9096703331914,,9.5e-05
